{
  "strength_sweep": {
    "complete": {
      "K": 2.0,
      "delta_values": [
        0.0,
        0.15789473684210525,
        0.3157894736842105,
        0.47368421052631576,
        0.631578947368421,
        0.7894736842105263,
        0.9473684210526315,
        1.1052631578947367,
        1.263157894736842,
        1.4210526315789473,
        1.5789473684210527,
        1.7368421052631577,
        1.894736842105263,
        2.052631578947368,
        2.2105263157894735,
        2.3684210526315788,
        2.526315789473684,
        2.6842105263157894,
        2.8421052631578947,
        3.0
      ],
      "r_means": [
        1.0,
        0.9989640960584955,
        0.9963607981522815,
        0.9911218668729986,
        0.9881287663220993,
        0.9730678910465187,
        0.9813188051436879,
        0.9512958264375105,
        0.9523105054008678,
        0.8377001772973645,
        0.8733218313240767,
        0.8098588213054272,
        0.6593740366140851,
        0.4825215391466782,
        0.5059840381768693,
        0.4028063459152017,
        0.41657983315347086,
        0.5018993304691935,
        0.5001549818870471,
        0.3479125055274813
      ],
      "r_stds": [
        0.0,
        1.8653957340316413e-11,
        3.292587678853403e-11,
        2.4920812730167003e-11,
        3.4422137504779345e-11,
        2.6758126856859133e-11,
        4.6415445234038e-11,
        4.7040944930306533e-11,
        2.8124938113394913e-11,
        1.2993176493275008e-08,
        5.063680192466218e-10,
        0.0022711634000878787,
        0.0030136356710737445,
        0.018265794408120886,
        0.007969118411047145,
        0.013182647384223643,
        0.01396111438910323,
        0.0020813903432956205,
        0.005093394176614124,
        0.007854354132526718
      ],
      "best_delta": 0.0,
      "best_r": 1.0,
      "homo_r": 1.0
    },
    "ring_k1": {
      "K": 5.0,
      "delta_values": [
        0.0,
        0.15789473684210525,
        0.3157894736842105,
        0.47368421052631576,
        0.631578947368421,
        0.7894736842105263,
        0.9473684210526315,
        1.1052631578947367,
        1.263157894736842,
        1.4210526315789473,
        1.5789473684210527,
        1.7368421052631577,
        1.894736842105263,
        2.052631578947368,
        2.2105263157894735,
        2.3684210526315788,
        2.526315789473684,
        2.6842105263157894,
        2.8421052631578947,
        3.0
      ],
      "r_means": [
        0.6064869712465843,
        0.8644011840874557,
        0.6428041333948864,
        0.34637451763006194,
        0.4945576589658311,
        0.3849720760674452,
        0.5052369425147998,
        0.5227015601675462,
        0.43041501016331796,
        0.29238512588922644,
        0.3614899100080037,
        0.34328058230210495,
        0.29572290505474047,
        0.3326434711785315,
        0.3361833209120341,
        0.3124202649916346,
        0.2903879065927629,
        0.31620938199358817,
        0.3418951349549563,
        0.29158887946722534
      ],
      "r_stds": [
        0.4808955173914022,
        0.2852088561375322,
        0.08104264117185919,
        0.06820846251982537,
        0.030782917093076276,
        0.05502426800551853,
        0.01753943216619142,
        0.025170623113451807,
        0.024500132889096908,
        0.028042158558596722,
        0.03326955505660553,
        0.03839893899346891,
        0.05763675218952294,
        0.02589183596356243,
        0.019897757537556595,
        0.03827785256898809,
        0.02274728901387746,
        0.024887524246280195,
        0.012852994810987789,
        0.0179948023256128
      ],
      "best_delta": 0.15789473684210525,
      "best_r": 0.8644011840874557,
      "homo_r": 0.6064869712465843
    },
    "ring_k2": {
      "K": 3.0,
      "delta_values": [
        0.0,
        0.15789473684210525,
        0.3157894736842105,
        0.47368421052631576,
        0.631578947368421,
        0.7894736842105263,
        0.9473684210526315,
        1.1052631578947367,
        1.263157894736842,
        1.4210526315789473,
        1.5789473684210527,
        1.7368421052631577,
        1.894736842105263,
        2.052631578947368,
        2.2105263157894735,
        2.3684210526315788,
        2.526315789473684,
        2.6842105263157894,
        2.8421052631578947,
        3.0
      ],
      "r_means": [
        0.9355395318233931,
        0.9952617072569239,
        0.9428315635814468,
        0.8930783266722558,
        0.7417217137073215,
        0.5676289911736002,
        0.580524969288544,
        0.49533577453027583,
        0.6390226377805734,
        0.3463282734621621,
        0.3616208930476262,
        0.4160833877257291,
        0.4183033631950561,
        0.46936655050741494,
        0.3557309064643409,
        0.283760089376832,
        0.33547977395545914,
        0.3361059033220124,
        0.3413756335421708,
        0.3048829466209393
      ],
      "r_stds": [
        0.2411887565912121,
        5.502930391296838e-05,
        0.0008838984085382623,
        0.0009630517031684223,
        0.002248338170937447,
        0.01630456811793314,
        0.03237290176264185,
        0.018994014800581528,
        0.04851817226266599,
        0.04382551988231138,
        0.02180304512893356,
        0.018387230093175506,
        0.031381064578599877,
        0.01075843349893104,
        0.010619830158558162,
        0.02701710927128322,
        0.012589193595928529,
        0.010741358359450557,
        0.017086128823058152,
        0.0198187658511544
      ],
      "best_delta": 0.15789473684210525,
      "best_r": 0.9952617072569239,
      "homo_r": 0.9355395318233931
    },
    "star": {
      "K": 4.0,
      "delta_values": [
        0.0,
        0.15789473684210525,
        0.3157894736842105,
        0.47368421052631576,
        0.631578947368421,
        0.7894736842105263,
        0.9473684210526315,
        1.1052631578947367,
        1.263157894736842,
        1.4210526315789473,
        1.5789473684210527,
        1.7368421052631577,
        1.894736842105263,
        2.052631578947368,
        2.2105263157894735,
        2.3684210526315788,
        2.526315789473684,
        2.6842105263157894,
        2.8421052631578947,
        3.0
      ],
      "r_means": [
        0.9999913059689631,
        0.962489194458498,
        0.8253861133156027,
        0.6604545284004087,
        0.5987576979122449,
        0.47512984047842166,
        0.623752029721819,
        0.40825418657073226,
        0.36131955849855435,
        0.33022396400304904,
        0.33925918426964713,
        0.2954124327013658,
        0.45224557192373255,
        0.30713987931155884,
        0.27221811532359796,
        0.3045599966250899,
        0.29663825774041036,
        0.4297319293467473,
        0.33442696377098585,
        0.27495659477533835
      ],
      "r_stds": [
        3.1499513389775215e-05,
        3.313172815031159e-05,
        0.004296662768903105,
        0.019107489099120332,
        0.0114527119655781,
        0.0399782228173369,
        0.013394495092957308,
        0.017084076872848186,
        0.021021247692364152,
        0.02892175187925924,
        0.007409452973410832,
        0.020308746004362888,
        0.010645633675946979,
        0.016849647268250667,
        0.016982594685637436,
        0.007722357180070234,
        0.021060924426020738,
        0.006334989390703965,
        0.01603105251485611,
        0.02259561309478699
      ],
      "best_delta": 0.0,
      "best_r": 0.9999913059689631,
      "homo_r": 0.9999913059689631
    },
    "path": {
      "K": 6.0,